,before,pos
EX_uri(e),13.08492348,15.906579265000001
EX_pydx(e),12.3423306,8.7244550015
EX_tlf_a_m1(e),13.151890645,12.90189132
EX_dopa(e),7.8298601130000005,15.07638875
EX_R_7oh_warf_glc(e),14.51446576,15.373902295
EX_xylb(e),12.81773801,13.698702305000001
EX_S_6oh_warf(e),12.887143925,6.8426750705
EX_am6(e),11.264391655,10.575970630499999
EX_dmso(e),13.399816555000001,17.705505685
EX_tlf_a_m9(e),9.224803541,15.62684133
EX_rbt(e),13.5241443,12.733659615
EX_N_oh_phtn_glc(e),11.721698015,11.758769265
EX_odsm_gltmn(e),12.782756845,12.077359135
EX_n2(e),12.248846624999999,10.9235906
EX_caribupglu_S(e),15.491309505,13.165280805
EX_eztmb(e),14.284999365000001,10.84953389
EX_tat(e),11.584780509999998,11.67000729
EX_uaagmda(e),12.21866061,17.065484135000002
EX_1ohmdz(e),9.684009857500001,14.39791709
EX_dxo(e),12.941817795,9.2776167945
EX_so3(e),10.288901715,16.405313319999998
EX_glcur(e),13.118860965,12.35469875
EX_tym(e),15.78794314,10.1818019585
EX_progly(e),14.199075395000001,17.046557495000002
EX_glcr(e),14.213025785,12.629441425
EX_nmn(e),0.201169514,0.0783582955
EX_bilr_M14(e),8.98017617,10.18898966
EX_glyb(e),11.148866475,12.757870845
EX_3pg(e),10.55548868,12.140802895
EX_lac_L(e),8.790018529,11.603610745000001
EX_dnpz_m11(e),12.659784985,15.00416528
EX_enter(e),12.70817564,12.590073584999999
EX_mucl(e),13.830750015,9.459358321
EX_fecrm(e),14.514899530000001,11.71561387
EX_tlf_a_1b(e),12.605528945,14.054882465
EX_3hcinnm(e),9.139432111999998,12.85925355
EX_gmfl_mII_glc(e),15.319712965,9.199247977999999
EX_4oh_trz(e),13.12805646,16.335788035
EX_hst_3glc_7s(e),16.068066735000002,9.840936319499999
EX_mdz(e),13.71236395,14.175990689999999
EX_3mop(e),13.60548682,9.2126595515
EX_lstnm7(e),10.990768615,14.58784265
EX_gmfl_mII(e),10.82374608,18.670492995
EX_anzp(e),15.27223451,12.905143760000001
EX_dlb_glc(e),15.6101374,12.03094509
EX_34dhpha(e),12.03731697,11.715570695
EX_estroneglc(e),11.768823165,13.320526699999998
EX_isosorbide_5mn_glc(e),12.738209555000001,17.30301008
EX_sucr(e),17.046558895,16.4804235
EX_g1p(e),8.048832284500001,8.046019359499999
EX_ade(e),12.013905865,14.587030055
EX_3oh_mdea_glc(e),10.679894215000001,10.5987254
EX_tagat_D(e),6.7925744235000005,3.546526588
EX_xylan12(e),7.5199912945,10.1002049885
EX_chols(e),10.39222414,10.18560238
EX_ura(e),6.286218151,6.9941381735
EX_tln(e),10.108220486499999,14.20517285
EX_icit(e),15.289538475,10.724661048000002
EX_pacald(e),7.45560728,14.328871835000001
EX_8oh_efv(e),9.681092519,11.711854684999999
EX_ala_B(e),11.622394945,11.763467015
EX_hst_3_glc(e),12.20099759,14.01803273
EX_galman6(e),8.496935113500001,7.613877972
EX_tmacmp(e),9.482982162999999,9.199790886999999
EX_tolcp_ac(e),12.686846875,12.95238134
EX_Larab(e),7.1651495805,11.5664706
EX_R_6oh_warf(e),11.156865085,11.544050089999999
EX_6pgc(e),0.0,0.0
EX_acmpglu(e),9.718223957500001,10.20373652
EX_urea(e),11.92201985,13.181084235
EX_4oh_meth(e),11.734153145,13.518720640000002
EX_bsn(e),11.052836845,12.544919825000001
EX_rmn(e),14.055582285,12.656863065
EX_tsul(e),10.178585728,14.895470305
EX_buts(e),10.543486905,11.18883992
EX_orot(e),11.254270665,13.01841033
EX_4oh_dcf_glc(e),12.904668065,9.293824616999999
EX_amio_c(e),11.92857325,13.30463782
EX_4hthr(e),10.82248249,9.353430104
EX_quin(e),12.976679835,12.867093220000001
EX_tet(e),15.083547195,12.856179845
EX_murein5px3p(e),1.55538943,0.7207106105
EX_4hmdgluc(e),11.020451040000001,14.640177585
EX_mal_L(e),12.143879375000001,11.469226899999999
EX_15dap(e),10.438529835,10.528379063500001
EX_arab_L(e),9.349762585,11.887640870000002
EX_14glucan(e),14.54654841,12.583488930000001
EX_pyr(e),7.797426854499999,12.829438005
EX_3oh_dlor(e),12.319732235,10.259875445
EX_btoh(e),14.688431210000001,10.214123599
EX_cgly(e),15.871299735000001,13.05226474
EX_gltmn_glc(e),7.425434742,12.125310445
EX_rsv(e),13.46338268,16.586902865
EX_r406(e),12.429267695,14.328709995
EX_LalaDgluMdap(e),8.469789154499999,10.47090941
EX_sch_57871_glc(e),11.451040715000001,13.0546952
EX_murein5p4p(e),0.0,0.0
EX_des_astzl_glc(e),11.924180419999999,12.289632265
EX_LalaLglu(e),13.03906259,14.376612205
EX_fe3dhbzs(e),1.445744961,2.6412817065
EX_man6p(e),0.20452942600000001,0.26187062099999997
EX_fcsn(e),11.376193205,13.05939926
EX_rpn_96990(e),15.5788252,10.835752605
EX_xylan4(e),14.151884615,10.8087226775
EX_phppa_glc(e),12.914582339999999,14.17432267
EX_vanlt(e),6.9992287645,11.679152675000001
EX_tgz_glc(e),12.223042235000001,14.163004995000001
EX_bvu(e),12.05183971,15.04785398
EX_ncam(e),10.63204674,14.592959955000001
EX_fol(e),12.04882256,13.36208685
EX_alagln(e),13.722751885000001,14.40199993
EX_murein5p5p(e),9.696077283,6.4461907195000006
EX_k(e),0.024264829,0.043421839000000004
EX_tlf_a(e),12.04934615,15.73211431
EX_ctbt(e),10.298896605,12.220667065
EX_his_L(e),11.69491072,17.25209683
EX_tchola(e),18.530052945,14.921791240000001
EX_Lcyst(e),10.97299106,13.16457286
EX_pb(e),13.41814903,11.892001765
EX_ala_D(e),9.980987941999999,13.343531465
EX_3oh_mxn(e),15.62514106,13.59967989
EX_tlf_a_1x(e),11.145316895,13.36468369
EX_eltr_glc(e),9.9747551505,11.10597387
EX_estrone(e),11.904388155,18.937668185
EX_galct_D(e),11.534563774999999,14.256077645000001
EX_glcn(e),10.900776824000001,13.526964594999999
EX_glymet(e),17.062043915,13.8768211
EX_rpn_104557_cb_glc(e),15.59225201,13.300694035
EX_tlf_a_m4a(e),11.149075020000002,11.6351533745
EX_2hibup_S(e),14.419349579999999,15.500078424999998
EX_prx_mII_glc(e),11.39242287,12.413680249999999
EX_hxa(e),10.581432405000001,18.88597412
EX_glytyr(e),8.659881242,14.798408035
EX_gmfl_glc(e),13.683503195,14.214203640000001
EX_turan_D(e),11.47016936,10.84198597
EX_ptrc(e),10.39306684,14.391133695
EX_glygn5(e),5.845281974,13.574347920000001
EX_q8(e),10.0518298985,14.58550293
EX_gtacmp(e),11.563548395,9.119823772
EX_7bhglz(e),9.9771028725,14.873153215
EX_taur(e),12.48535066,16.240957565
EX_23cump(e),14.59590519,10.575461924999999
EX_tlf_a_2(e),13.13653265,13.51081328
EX_h(e),15.613910765,17.437798235000002
EX_fe2(e),8.1005068405,3.201521465
EX_chtbs(e),14.43645232,13.031182470000001
EX_crvsm1(e),12.70311094,10.005132477
EX_4ahmmp(e),15.48212767,13.84290984
EX_glypro(e),11.131429180000001,15.57422223
EX_3hibup_S(e),8.2701779195,13.040727805
EX_cellb(e),13.915342735,17.061270395
EX_atvlacgluc(e),13.425140375,12.56629807
EX_gln_L(e),12.99937435,14.756134410000001
EX_h2o2(e),10.435193789499998,11.750478659999999
EX_actn_R(e),13.630763179999999,15.24114657
EX_acmana(e),10.202882391000001,8.017295706
EX_adn(e),14.81603863,9.9280185825
EX_lmn2(e),13.486947375,17.086967295
EX_oaa(e),12.739764175000001,15.939799125
EX_tma(e),14.792532035,15.8612071
EX_sn38g(e),12.8095003,14.30590938
EX_2dmmq8(e),12.771628244999999,10.313762698
EX_3meacmp(e),10.136492642,16.398120815
EX_na1(e),14.198747945000001,13.37771437
EX_2oh_cbz(e),10.777303165,12.636573355
EX_akg(e),10.265084733999998,10.656124335000001
EX_gmfl(e),12.895984259999999,10.65847591
EX_spz(e),14.403872105000001,15.39780742
EX_s(e),14.830682894999999,11.735291855
EX_ptvst(e),15.16498609,10.89675676
EX_fer(e),6.4641233815,11.649417450000001
EX_sfnd_1689(e),12.69308074,12.961266694999999
EX_ppi(e),12.052229885,15.415247829999998
EX_ac5asa(e),11.684608295,13.155336469999998
EX_bilr_355(e),7.153102184,17.77167193
EX_amn_b_gly(e),13.647597555,12.530281695
EX_no2(e),8.499251933499998,12.376664915
EX_ddca(e),10.87802501,9.979250808500002
EX_rnam(e),10.225066685,9.377157562
EX_tlf_a_m4(e),14.658576985,13.21504311
EX_nac(e),14.761193550000002,12.148167175
EX_gal1p(e),9.85248688,14.18333689
EX_srv(e),15.97799393,10.914208124999998
EX_dnpz_m12(e),8.006062911,8.2145267565
EX_dms(e),11.625186450000001,15.374854785
EX_rep_glc(e),13.732178125,15.609690435
EX_gam(e),15.980363919999999,10.93755927
EX_raffin(e),9.145258546,14.187336290000001
EX_alpz_aoh_glc(e),10.65998346,12.333655480000001
EX_3hphac(e),13.55495328,14.802623705
EX_ttdca(e),14.069883375,16.208871255000002
EX_alaala(e),9.662339457,10.392727635
EX_am6_glc(e),13.578782669999999,13.222091005
EX_pullulan1200(e),8.311525214,12.723398755
EX_glyald(e),14.50871145,9.67801959
EX_lstnm4(e),14.72383731,11.722066975
EX_am5(e),10.778445026499998,13.49690089
EX_nverp(e),14.100584784999999,19.78173932
EX_alpz_aoh(e),9.2528072185,13.816713459999999
EX_oh_pbl_glc(e),8.5188324785,13.94838261
EX_7ocholate(e),6.8050219115,9.260542398
EX_cell4(e),4.0745523850000005,5.978644301
EX_indole(e),15.09491695,9.852708089
EX_cro4(e),12.17665635,19.783330454999998
EX_tsacmgluc(e),9.0045967935,12.607963725000001
EX_xylan8(e),5.64045181,10.444480705
EX_ptvstgluc(e),12.33449435,11.30141677
EX_nh4(e),11.805228315,16.741208025
EX_sftz_glc(e),8.4010284675,13.769757989999999
EX_dgchol(e),11.862153254999999,12.844870565
EX_hg2(e),13.887026265,11.08057299
EX_strch2(e),11.610324415000001,15.200948024999999
EX_bzalc(e),0.0,0.0
EX_ins(e),13.419658315,14.55467329
EX_crn(e),11.998593725,16.62680704
EX_pppn(e),14.469536824999999,11.064198625
EX_chlphncl_glc(e),11.776646060000001,12.76257961
EX_dxo_glc(e),14.355115595000001,13.524058490000002
EX_12ppd_S(e),14.000419035,12.411413615
EX_gltmn(e),13.568769815,11.834286089999999
EX_4oh_trz_glc(e),11.237881054999999,15.47661292
EX_tartr_D(e),12.542915395,9.0437506045
EX_oxa(e),13.729406945000001,9.294663958000001
EX_gly(e),16.282868139999998,11.013933035
EX_tlf_a_3(e),13.45651614,13.111992055
EX_val_L(e),17.29827846,17.290936515
EX_ser_L(e),13.322365309999999,11.48294031
EX_alagly(e),17.787040275000003,9.146658099
EX_3hoxpac(e),11.041999955000001,13.976737374999999
EX_tdechola(e),14.055093105000001,13.776999745000001
EX_amio_c_glc(e),11.409097415,10.612778575
EX_cbz(e),7.4739597865,11.611743574999998
EX_dxyl(e),1.8667908899999999,1.3650321485
EX_cbz_glc(e),12.796947445,11.979742505
EX_glc3meacp(e),11.072024865,13.897786725
EX_5fura(e),13.505856465,14.62857361
EX_2hatvacidgluc(e),9.7821542535,15.206087325
EX_eltr_m3(e),10.0159954145,12.21824222
EX_hst_7glc_3s(e),14.895315205,8.966841223500001
EX_lys_L(e),11.77002232,10.6308413975
EX_bzd(e),7.3003226975,9.457806409
EX_C02528(e),12.46871586,14.668805745
EX_3oh_dlor_glc(e),13.51703041,11.845944889999998
EX_doh_etr(e),13.41171408,14.485520225
EX_abt(e),9.743044559,15.193746390000001
EX_4dh_tpno_1glc(e),12.8156311,10.457113985500001
EX_fvstetglu(e),10.269279795,16.29477323
EX_mobd(e),13.71215802,14.85813324
EX_13ppd(e),8.0466497485,10.490453089999999
EX_etoh(e),8.941523943,9.791492693999999
EX_ca2(e),10.8516139,9.955234312999998
EX_tartr_L(e),8.060299057,8.803469263
EX_imp(e),9.526432697499999,10.970551400000002
EX_ocdca(e),10.006804836,11.065329165000001
EX_malttr(e),12.380196940000001,13.489960115
EX_fe3(e),11.04356656,10.294740900499999
EX_glyc(e),10.3330072525,15.87434227
EX_glu_L(e),11.836675495,12.59161647
EX_bzam(e),7.9080070915,16.54767734
EX_acac(e),10.244489715,10.416378335000001
EX_dchac(e),11.208770835,16.546548625
EX_murein5px4px4p(e),9.6329025855,4.254568922500001
EX_2hatvlac(e),9.421590621,15.364198995
EX_miso_glc(e),9.197621362,13.39461953
EX_salcn(e),9.219140569499999,15.812806855000002
EX_clcxb(e),14.82244795,12.48123761
EX_acmp_glc(e),10.195309837,13.823837365
EX_dhnacoa(e),7.110683712,16.69751398
EX_spz_sfn_glc(e),11.1749516,17.828458345
EX_tagur(e),6.7915926644999995,9.294758287499999
EX_odsm_egltmn_glc(e),9.5306717605,12.5868892
EX_pvs(e),10.126530285000001,9.740228391999999
EX_amylose300(e),10.264170544999999,10.640520574
EX_acolipa(e),7.7462116125,5.2227755385000005
EX_sbt_D(e),14.264591995,11.763517409999999
EX_mops(e),9.722758081999999,13.488554745
EX_feenter(e),12.509287345,11.82818713
EX_murein5px4p(e),4.66060785,5.813573116500001
EX_mma(e),11.443259155,9.395924514499999
EX_4abz(e),12.56311423,9.1668853855
EX_murein4px4px4p(e),0.0,0.0
EX_pro_L(e),16.266665415,12.39210172
EX_tolcp_am_glc(e),13.05431975,13.73216326
EX_7a_czp(e),12.897568549999999,14.267858369999999
EX_bsn_glc(e),12.991789255,15.87826044
EX_rsvgluc(e),12.661586289999999,11.12436993
EX_octa(e),9.994186957,17.990830915
EX_sula(e),9.342086589,13.75404128
EX_gal_bD(e),8.714343256000001,11.158089885
EX_cd6168(e),8.363057318500001,15.12675725
EX_glyc_R(e),9.2223974005,11.809091745
EX_phpyr(e),12.291192565,8.379310292
EX_czp(e),13.62985021,14.147816695
EX_1hmdgluc(e),11.586835235,8.7107640115
EX_doh_etr_glc(e),8.557841081,16.237525515
EX_fuc_L(e),9.857657825499999,12.011878475
EX_glyasn(e),11.964147385,14.127365045000001
EX_mrphn_3glc(e),8.932009163,13.179598465
EX_strch1(e),14.677356869999999,11.694464005
EX_cynt(e),16.668435015,12.112518735
EX_4hoxpacd(e),12.414032405,12.41084283
EX_mdzglc(e),12.18615248,12.030686755000001
EX_cu(e),12.081391155,10.5180482595
EX_estradiolglc(e),11.06939858,14.300941680000001
EX_no3(e),15.030480829999998,8.699320279
EX_hst_3_s(e),10.046085408,15.353106105
EX_R_6oh_warf_glc(e),15.210010215,8.9900530835
EX_amio(e),11.76783667,8.71505272
EX_dnpz_6des(e),11.38970599,15.69500782
EX_hst_7_s(e),9.884825296999999,10.152676674
EX_tlf_a_1a(e),9.4924595525,14.571065725
EX_gmfl_mIII(e),9.8119164935,13.86387659
EX_pheme(e),10.56240643,13.097708445
EX_rpn_oh_glc(e),11.65277116,14.24909388
EX_odsm_gltmn_glc(e),9.106782445499999,14.082288825
EX_2dhglcn(e),6.1168284470000005,6.1464121805000005
EX_alathr(e),14.596051880000001,12.610785505
EX_dextrin(e),10.460455150000001,9.990516235000001
EX_cholate(e),9.831950584000001,12.942300249999999
EX_2ddglcn(e),7.122430158499999,12.05199704
EX_din(e),11.73307274,15.556644519999999
EX_gmfl_mI(e),11.812404834999999,13.021275555
EX_sch_488128(e),13.00823439,10.37686694
EX_cl(e),13.14879587,11.63193759
EX_adocbl(e),9.148237286,14.39213755
EX_arbt(e),14.045685474999999,19.239811885
EX_thf(e),12.37718395,19.75882977
EX_4oh_propl(e),10.6569699,13.0207986
EX_stg(e),7.631549515,11.47775802
EX_4crsol(e),4.640857191499999,5.601145065000001
EX_dfdcytd(e),13.088567375,12.226439594999999
EX_sn38(e),10.2003426555,10.853179495
EX_4oh_vcz_glc(e),9.321828714,22.318562115
EX_orn(e),12.340560725,18.38161092
EX_tgz(e),9.5667244495,11.136009065
EX_tlf_a_m6(e),11.724193575,13.905914965000001
EX_damp(e),9.6013601725,11.365052285
EX_23cgmp(e),13.92096034,10.3160888725
EX_lst4exp(e),8.9250536325,15.166141504999999
EX_estriolglc(e),12.07207427,10.10811127
EX_cobalt2(e),10.41859008,15.04520368
EX_tlf_a_m5a(e),13.050193235,12.04695965
EX_hom_L(e),3.4329814075,7.408149019
EX_2pglyc(e),14.62971643,11.68806839
EX_4hbz(e),9.445461551000001,12.831638325
EX_clcxb_c(e),11.34949738,13.35292356
EX_thymd(e),8.776265888,12.743963395000002
EX_kprofen_glc(e),13.591641985,14.00142331
EX_bilr_M7(e),9.466481932,13.92332332
EX_eltr_m4(e),10.3713512,10.91352113
EX_melib(e),10.891907588999999,11.942878324999999
EX_ttdcea(e),9.928430592,12.996549385000002
EX_arab_D(e),10.330271755,9.228887205
EX_tlf_a_m5(e),9.163464647000001,14.415633249999999
EX_isosorbide_5mn(e),10.33749357,9.3218605765
EX_26dap_M(e),9.2643857835,12.803782425000001
EX_gsn(e),8.028697667,16.736328655
EX_ibupgluc(e),10.93686902,12.99308248
EX_leu_L(e),10.5332011875,12.578783575
EX_fvsgluc(e),8.1261547505,11.82265361
EX_ocdcea(e),11.975468554999999,10.79485233
EX_tpno_4glc(e),9.354744840999999,17.771357265
EX_stg_m4(e),14.789430745,8.5033394695
EX_aso4(e),11.125719,11.134142505
EX_o16a4colipa(e),0.0,0.0072726615
EX_6bhglzglc(e),12.513844379999998,12.558164955
EX_efv_glc(e),12.623836285,9.7699793
EX_salchs4(e),13.665764889999998,8.819362373
EX_alahis(e),11.155656955000001,13.292444490000001
EX_acnam(e),14.297391005,11.72526747
EX_malthp(e),10.853177365,7.971057147
EX_butso3(e),15.200723009999999,14.90376636
EX_amntd_m6(e),9.9913792475,15.56150529
EX_rpn_oh(e),11.441801835,14.29426492
EX_chol(e),12.95480502,16.46835331
EX_gbbtn(e),7.971686317,10.739177585
EX_no(e),13.437040785,9.3369021255
EX_olsa(e),6.7715362175,6.591295723
EX_acald(e),12.109201665,11.548142389999999
EX_glygn4(e),10.0132571655,19.80918423
EX_etha(e),9.276848427000001,12.76747997
EX_tpno_1glc_4g(e),10.38483939,16.08864771
EX_digoxin(e),13.524711365,11.11924048
EX_4hbald(e),10.410757230000002,11.9572787
EX_murein4p4p(e),0.0,0.0
EX_simvgluc(e),13.870164295,13.554632705
EX_cell6(e),12.38141901,16.349112050000002
EX_dnpz_5des(e),10.39186265,13.078916289999999
EX_3oh_mdea(e),10.546447335,12.783076860000001
EX_bocbnleu(e),10.942188185,10.1917119085
EX_r529(e),11.603128775,17.736023205000002
EX_madg(e),6.126267964,4.6488121155
EX_rpn_104557(e),13.7521574,16.80676074
EX_5ohfvs(e),11.583268485,14.764183885
EX_succ(e),15.993184895,12.286514655
EX_hst_37_diglc(e),11.202455,11.235296125
EX_btn(e),12.8765866,10.67933749
EX_4oh_propl_glc(e),8.9018333805,8.730528508
EX_trp_L(e),12.49083826,14.355679575
EX_tlms(e),12.63819577,13.458170729999999
EX_R_8oh_warf(e),11.543507165,13.204355029999999
EX_amntd_m6_glc(e),10.732890865,14.05546051
EX_arsenb(e),9.257941925,14.893650325
EX_bhpm_glc(e),11.25686763,14.222983275
EX_4oh_kp_glc(e),9.9204702545,13.33472862
EX_glu_D(e),14.611222025,10.184308576
EX_asn_L(e),11.31042282,9.6470143745
EX_stg_m3(e),16.312149995,12.74537072
EX_mbdg(e),11.08368374,5.373868762500001
EX_sanilamide(e),10.8150706985,8.617270980499999
EX_starch(e),2.620613207,0.25477212
EX_for(e),13.322502865,13.894891725
EX_pydxn(e),10.9777859,20.22288092
EX_dcmp(e),13.6420393,17.17881661
EX_cu2(e),11.280657065,17.166586095
EX_spz_sfn(e),9.166912858,14.25997809
EX_clobi_c(e),12.492033575,10.76006965
EX_5oh_sulfp_glc(e),10.700870325,9.2146921815
EX_phtn_glc(e),10.485965749999998,13.163089124999999
EX_coa(e),8.9169051895,10.403485425
EX_bhb(e),14.11688097,12.301028084999999
EX_dma(e),7.367219460499999,8.390237119
EX_4ohmdz(e),11.02746298,10.67753505
EX_3oh_mxn_glc(e),11.420002465,12.77746316
EX_mqn8(e),10.430121529000001,16.294809235000002
EX_urate(e),13.844808495,15.493677479999999
EX_inv(e),11.60905352,14.646553165
EX_xylu_L(e),12.751866195,12.425197749999999
EX_lmn30(e),9.5153094665,10.935552795
EX_glycogen(e),10.246738109999999,8.416730895499999
EX_kestottr(e),13.766225895,12.23310347
EX_prx_mI(e),14.073176844999999,13.385887069999999
EX_idon_L(e),12.91129246,8.154260731499999
EX_h2o(e),13.462253310000001,15.600865165
EX_imn_glc(e),8.479902541000001,9.800982389
EX_S_6oh_warf_glc(e),11.719797525,12.26732586
EX_sch_57871(e),12.07797056,14.010038975
EX_tlms_glc(e),9.884771352,16.411776755
EX_ssz(e),8.640315250499999,7.657229192500001
EX_Tyr_ggn(e),13.30827603,18.685885055
EX_23ccmp(e),11.164864245,12.18366452
EX_ppt(e),0.0,0.0
EX_inulin(e),14.236760505,14.352215900000001
EX_isetac(e),16.65880302,15.51937038
EX_pront(e),13.700262675000001,10.306305871
EX_2hatvlacgluc(e),13.90954447,9.075035282
EX_S_4oh_warf(e),11.893709375,15.504788215000001
EX_g3ps(e),6.999427514,11.319371870000001
EX_anhgm(e),12.075923535000001,9.6014647105
EX_fuc1p_L(e),11.149356368,9.188489381
EX_trypta(e),11.41351732,10.001895292
EX_tre(e),14.10306305,12.24078651
EX_alpz_4oh_glc(e),11.737666579999999,9.248217930500001
EX_mantr(e),9.637688325500001,13.10966357
EX_2pg(e),9.9640976805,9.194378374500001
EX_mnl(e),7.6428216735,19.77820383
EX_gmfl_mIII_glc(e),9.859969401999999,15.055563545
EX_tol(e),11.391536205,13.007345990000001
EX_h2(e),10.86791341,15.47104857
EX_ni2(e),11.420883625,15.254041575
EX_1hibupglu_S(e),12.69569537,14.326198394999999
EX_fald(e),10.68014882,9.9347981965
EX_glyc2p(e),9.751020678,13.720304604999999
EX_udcpo5(e),9.3369490895,13.326795425
EX_mso3(e),10.272998845,12.37352449
EX_oh_pbl(e),16.018799875,9.306099876000001
EX_isnzd(e),11.036495530500002,21.110202245
EX_efv(e),12.732538685000002,15.82484565
EX_cys_L(e),13.04381956,16.28224158
EX_metala(e),10.54846105,14.909137425
EX_smap(e),11.05291153,10.866795825
EX_3hibupglu_S(e),13.765116135,14.69073822
EX_glucan6(e),14.762938120000001,10.545196409999999
EX_pront_glc(e),13.536898775000001,11.34932638
EX_nzp(e),10.619359645,9.973668724
EX_zn2(e),10.951689394999999,19.717350064999998
EX_csn(e),12.94183997,9.734086419
EX_pydam(e),14.847512210000001,11.76298775
EX_clcxb_glc(e),11.349477925,15.03194045
EX_lactl(e),16.466220874999998,10.2540024945
EX_lipa(e),12.320855155,13.255146015000001
EX_arg_L(e),17.989576435,10.2354543485
EX_2hibupglu_S(e),4.8790378924999995,9.340424706
EX_alltn(e),11.954316615,10.033137485
EX_dfduri(e),10.204370625,12.2872059
EX_glc_D(e),9.644393337,12.25439278
EX_vanln(e),9.330388639999999,11.757563115
EX_tlf_a_m5b(e),10.22243407,15.34706234
EX_ha_pre1(e),15.959026415,14.491493689999999
EX_dha(e),9.962146936499998,11.923497354999999
EX_regfnb(e),9.101245298999999,9.221719789
EX_dca(e),13.956222969999999,11.519524955
EX_glyphe(e),11.41631031,12.949078955000001
EX_manttr(e),13.32256092,10.86131964
EX_prx_mII(e),12.612634405,13.72616382
EX_fvstet(e),10.569025825,11.79609967
EX_fruur(e),10.356628705,12.6365111
EX_cbl2(e),15.46351735,13.367732895
EX_3oh_cbz(e),11.55678963,9.2803126555
EX_3hpppn(e),11.4500278,10.405056255
EX_murein4p3p(e),0.0,0.0
EX_duri(e),9.534250258,13.809027225000001
EX_man(e),10.839465475,20.85053729
EX_cyst_L(e),9.012243038,12.921313090000002
EX_cd6168_glc(e),13.871197639999998,11.743725975
EX_acon_C(e),11.23132857,11.781270379999999
EX_cit(e),11.684857315,11.943642505
EX_phppa(e),8.703714551000001,14.578168855000001
EX_bhpm(e),12.01964026,7.814258606000001
EX_5htrp(e),7.2445018005,16.73180109
EX_g3pe(e),12.482631165,12.043640345
EX_maltttr(e),11.70781852,9.7445293275
EX_asp_L(e),10.952160899999999,11.786501055
EX_p_xyl(e),4.644024,6.938517844
EX_cbl1(e),11.17928479,16.487370294999998
EX_ac_amn_b_gly_glc(e),11.35517233,9.706853407
EX_clobi_glc(e),11.147038694999999,16.189309505
EX_eltr(e),9.7179025115,10.580921575
EX_galt(e),13.538000785000001,12.79953774
EX_neopront(e),6.360855519999999,8.1602520935
EX_doh_vcz(e),14.3405667,15.708600910000001
EX_lipa_cold(e),11.719260765000001,13.57526557
EX_4oh_dcf(e),13.796152020000001,12.250877384999999
EX_glyasp(e),15.55412515,10.70801534
EX_cvm23gluc(e),13.315315245,11.94319154
EX_kestopt(e),10.760096075,13.505334565
EX_gal(e),11.144743575,15.014021164999999
EX_mg2(e),9.97092192,12.458900190000001
EX_phe_L(e),10.087796560000001,12.35929899
EX_prob_glc(e),12.153783975,12.194057395
EX_spz_glc(e),10.50509659,13.082939535
EX_galur(e),9.3735441235,11.29881771
EX_2hatvacid(e),14.707468774999999,13.238030250000001
EX_rpn_96990_glc(e),6.749496733999999,13.064878225000001
EX_2obut(e),12.822250455,13.033551840000001
EX_6bhglz(e),10.7039315415,11.350662915000001
EX_mrphn(e),12.743960385,18.9336387
EX_34dhcinm(e),12.92685341,4.6089263334999995
EX_am1ccs(e),13.95339031,11.278567255
EX_arabttr(e),9.7545825955,12.17576262
EX_glyc3p(e),0.6333400245,0.262400776
EX_R_8oh_warf_glc(e),11.917206535,9.8156860615
EX_gthox(e),11.00089461,14.948674485
EX_dnpz_m9(e),9.560967761499999,7.5385463985
EX_LalaDgluMdapDala(e),8.601655445,15.522290055
EX_gchola(e),6.9186900875,10.78075048
EX_isocapr(e),12.175216445,13.932484625
EX_cvm1gluc(e),15.555237705,12.40584505
EX_3oxoadp(e),10.96105399,14.586427409999999
EX_sel(e),14.29090029,13.15122712
EX_2hxmp(e),0.0,0.0
EX_istnt(e),10.04177684,11.51883118
EX_sheme(e),15.563749014999999,10.724435929999999
EX_amp(e),11.705227845,7.5750092025
EX_udcpdp(e),14.606800985,14.745861855000001
EX_hst_7_glc(e),17.190876575,8.28861021
EX_ump(e),9.919403200000001,7.070419669500001
EX_ethso3(e),10.1298816895,16.55660237
EX_pac(e),14.590040980000001,8.3176194075
EX_mmet(e),10.4196628475,17.471262545000002
EX_4oh_meth_glc(e),10.530090505,14.57825107
EX_hdca(e),11.7044936,14.067583339999999
EX_lac_D(e),12.742229285,16.22068188
EX_mdz_glc(e),9.122358539,13.532023525
EX_tlf_a_m3(e),12.245811535000001,12.194746305
EX_acmp(e),8.7023681945,10.176579754999999
EX_dpcoa(e),12.18408312,15.660359745000001
EX_isoval(e),14.072381060000001,16.507555675
EX_12dgr180(e),13.19269009,15.365400885
EX_drib(e),12.94008419,14.643336535
EX_glygln(e),12.043972544999999,12.27617122
EX_malthx(e),14.51767842,13.61001617
EX_clcxb_c_glc(e),12.222650035000001,11.920452795
EX_met_D(e),7.5680917015,13.987535489999999
EX_h2co3(e),10.628933790000001,7.1918982284999995
EX_7dhcdchol(e),8.0385689575,10.1558846515
EX_gthrd(e),13.4737782,12.832850015
EX_but(e),8.3490102405,14.372156955000001
EX_bilr_M10(e),12.654698645,14.763344365
EX_estriol(e),12.87946017,14.747823655000001
EX_catechol(e),0.5363473145,0.0
EX_maltpt(e),10.017213466000001,6.521474238
EX_pcresol(e),14.141171889999999,14.223749885
EX_am1cglc(e),8.2299755695,10.802553675
EX_galctn_D(e),12.95111762,13.39372766
EX_inv_m1(e),15.34042638,20.040413945
EX_isobut(e),9.460852907,13.804140175
EX_thym(e),9.914371647,12.855098654999999
EX_pdima(e),10.20881554,9.674259584000001
EX_ppa(e),8.233117478,14.447142515
EX_23camp(e),12.384204865000001,12.659663649999999
EX_kprofen(e),12.589348235,12.26574707
EX_nchlphncl(e),12.2065459,11.806436470000001
EX_spmd(e),10.77673794,9.8450907115
EX_pnto_R(e),12.609540595,18.557642295
EX_mal_D(e),14.48289563,9.294303685500001
EX_g6p(e),0.1516900355,0.5320887845
EX_tpnoh(e),13.57783543,11.361509694999999
EX_gcald(e),10.561152445000001,11.822401775
EX_glycys(e),9.647386262000001,11.122463565
EX_m_xyl(e),4.2100194595,2.6124994839999998
EX_alpz_4oh(e),12.252106220000002,12.803698455
EX_ac(e),8.2321588,11.047925695
EX_btd_RR(e),13.364535844999999,14.97315776
EX_eztmb_glc(e),13.027561955,12.934849100000001
EX_tlf_a_m2(e),13.8398272,8.2047878045
EX_daa_glc(e),11.00454495,11.308754985
EX_glucan4(e),12.254740685,10.692644375
EX_bz_glc(e),15.157835675,11.591042425000001
EX_fvs(e),14.44871854,16.311933125
EX_fru(e),11.42295892,16.2755757
EX_digoxin_glc(e),11.582565370000001,10.744094651000001
EX_ha_deg1(e),6.04066642,12.42466608
EX_abz_ala_b(e),12.764294445,9.502246365
EX_xtsn(e),11.79572609,14.72252414
EX_thm(e),11.567268814999998,10.74456368
EX_daa(e),13.893757785,14.912292025
EX_tolcp_am(e),14.403167735,11.439281725
EX_814dioh_efv_glc(e),14.681944105,14.280075844999999
EX_alaleu(e),11.55324735,15.567737914999999
EX_cmp(e),7.7781674254999995,6.8716903915
EX_glucan1500(e),1.255528754,3.5964564894999995
EX_diact(e),12.351403895,14.813572235
EX_murein5p5p5p(e),2.852023159,2.1970072605
EX_amn_b_gly_glc(e),11.08093083,11.18867068
EX_stys(e),12.411558809999999,14.045815260000001
EX_acgam(e),13.95030369,21.109800635
EX_gua(e),15.61426569,12.457017924999999
EX_5ohfvsglu(e),11.930782525000001,10.019186176000002
EX_dhcinnm(e),12.77388057,10.76610564
EX_brv(e),10.904786824999999,11.80921885
EX_atvacylgluc(e),7.951249613,10.063625036000001
EX_nsldp_m5_glc(e),11.34993919,11.560227455
EX_2oh_mtz(e),10.381803326499998,12.333869069999999
EX_dcf(e),8.623740829,13.779480125
EX_prob(e),10.99451933,13.278773615
EX_4hphac(e),13.406728305000001,11.40514321
EX_kesto(e),11.703391155,12.458525005000002
EX_udcpp(e),15.401839405,11.935669050000001
EX_ser_D(e),12.682116185,13.348964365
EX_HC00319(e),10.74882413,10.12257233
EX_atvlac(e),9.951039833,9.3426192985
EX_bzal(e),11.667808449999999,7.957081130500001
EX_metsox_S_L(e),13.199844070000001,15.254242054999999
EX_hst(e),10.781595495000001,14.79907912
EX_T4hcinnm(e),11.15026764,8.728797764
EX_ad(e),10.509097645,10.7103626
EX_alaglu(e),13.42932691,16.109185785
EX_7bhglzglc(e),8.979697593000001,11.08539866
EX_bz(e),10.545478845,12.12841814
EX_N_oh_phtn(e),8.57822086,11.090059955000001
EX_tmao(e),9.167701503499998,15.55093381
EX_propl(e),15.09027111,12.00078382
EX_cytd(e),10.90733968,9.3537004425
EX_cell500(e),1.6803333130000002,5.0981263635
EX_mrphn_6glc(e),6.387263366499999,8.737654802
EX_fum(e),11.9195819,15.001869919999999
EX_alaasp(e),10.535272875,15.240701695
EX_7oh_efv(e),8.035754283,8.904813414
EX_nverp_glc(e),7.703538590500001,16.408017335
EX_rep(e),6.6017104799999995,10.5209066
EX_5mthf(e),12.807025615,13.952153849999998
EX_glyclt(e),14.01924629,13.537787375
EX_dnpz_m14(e),12.649624195000001,15.44535574
EX_2hyoxplac(e),10.931576445000001,14.883472860000001
EX_odsm_egltmn(e),12.13983198,11.87927637
EX_dgmp(e),8.9489743235,10.83998779
EX_dh5fura(e),8.9457253335,12.42493412
EX_rib_D(e),10.12090556,11.252875925000001
EX_smap_glc(e),10.072560345,10.625576120000002
EX_6ohfvsglu(e),12.24976937,12.261620964999999
EX_srtn(e),11.46397932,9.5125531835
EX_eths(e),8.834032325,9.473943828
EX_tpno_4g(e),12.76021278,13.945603805000001
EX_colipa(e),9.597210442000002,5.692958057
EX_nsldp_m5(e),11.34098217,13.321302345
EX_co2(e),10.035865375,16.11859725
EX_imn(e),14.114062995000001,17.41290123
EX_S_4oh_warf_glc(e),14.010061035,16.575501365
EX_acisnzd(e),14.978372815,10.687173395
EX_xmp(e),11.042034325,11.62476581
EX_3oh_cbz_glc(e),12.645767475,17.07317442
EX_dlb(e),7.9798334225000005,9.3134301685
EX_metsox_R_L(e),14.185105929999999,10.444579219
EX_ind3ac(e),5.3557474764999995,8.710027212
EX_aso3(e),14.845158105,11.672071655
EX_4abut(e),10.318930125,14.427083755
EX_miso(e),11.27398497,10.989931875
EX_galman600(e),10.0386558945,11.232679645000001
EX_7oh_efv_glc(e),12.464612370000001,13.278935005000001
EX_4dh_tpno(e),11.958946265,12.9625822
EX_sulfp(e),13.222437115,8.341050237
EX_des_astzl(e),10.164339937000001,13.11006463
EX_tlf_a_4(e),15.099077685000001,10.100844505000001
EX_srb_L(e),8.229165533,7.9712233895
EX_n2o(e),9.854305368999999,14.724994745
EX_4oh_kp(e),8.191518371999999,12.58285063
EX_mtz(e),12.82642167,9.364379975
EX_3mb(e),16.012834885,10.530779435
EX_pi(e),2.8710402055,2.4532281310000004
EX_thr_L(e),9.253676740500001,12.23202486
EX_frmd(e),9.9869206665,11.66160652
EX_pime(e),13.78440545,17.735597040000002
EX_g3pc(e),13.116825729999999,11.790483115
EX_met_L(e),16.76645885,16.03402802
EX_ribflv(e),13.339005825000001,13.713466635
EX_hexs(e),13.872010355,10.4918403
EX_salchs4fe(e),10.887954064999999,16.202493805
EX_cd2(e),12.65563892,14.213858075000001
EX_gm1lipa(e),12.29648022,10.367292565
EX_meoh(e),11.744963434999999,13.542857300000001
EX_dhpppn(e),5.708657156499999,11.12195451
EX_malt(e),12.602889325,17.888458774999997
EX_o2(e),11.146764455,9.144116036500002
EX_tdchola(e),14.265842565,15.53260715
EX_ppoh(e),6.6570640535,13.648879274999999
EX_smvacid(e),12.987071714999999,12.347673780000001
EX_am5_glc(e),10.709776051999999,10.861059964999999
EX_r529_glc(e),7.406151071,9.3301349135
EX_ibup_S(e),14.20443041,8.7449002175
EX_ddea(e),11.130165975,19.13839946
EX_ac_amn_b_gly(e),14.464649810000001,13.463758389999999
EX_4oh_levole_glc(e),11.630125485,14.71270571
EX_crvsm23(e),13.124104995,14.56194001
EX_tolcp(e),11.337629875000001,15.418876915
EX_glyleu(e),11.826605494999999,14.007852305
EX_abt_L(e),11.109397425000001,13.660603120000001
EX_oh_etr_glc(e),11.978764345,9.1110563695
EX_murein4px4p(e),0.0,0.0
EX_so4(e),12.30949772,9.576491904
EX_caribup_s(e),10.309719055,10.561131985
EX_atvacid(e),12.03680246,16.895462995
EX_814dioh_efv(e),12.74943451,13.362489985
EX_metox(e),0.0,0.0
EX_xyl_D(e),11.4060511255,13.308284924999999
EX_galctr_D(e),11.101003575,7.320258792
EX_R_7oh_warf(e),16.929339855000002,8.817083235
EX_lcts(e),11.539057445000001,12.057886035
EX_bilr_M12(e),12.59860673,10.4427109245
EX_tab(e),7.0449038175,8.612392047
EX_selni(e),7.441346096,12.190896565500001
EX_glygn2(e),12.94438941,11.803974884999999
EX_atvethgluc(e),9.811441876500002,10.913435065000002
EX_dad_2(e),10.942014302,15.195553095000001
EX_lyx_L(e),4.0148100125,2.9275677504999997
EX_glycogen1500(e),15.530153165,15.83018319
EX_galctn_L(e),4.556585473,1.4516816125
EX_pvsgluc(e),12.654248214999999,11.533126840000001
EX_4oh_levole(e),14.26656499,16.8614389
EX_dtmp(e),14.09445162,11.07785986
EX_6ohfvs(e),14.016784999999999,10.2653245915
EX_mn2(e),8.449741933999999,11.826057505
EX_thsacmp(e),8.441818232000001,16.720699335
EX_8oh_efv_glc(e),12.22442042,14.98783016
EX_ibt(e),14.28003384,12.557555675
EX_34dhbz(e),12.38152564,12.1249511
EX_chlphncl(e),8.857067473,16.903641245
EX_5asa(e),14.754093805,15.13970486
EX_man1p(e),15.844775689999999,12.558432239999998
EX_am14_glc(e),10.933450855,14.73109253
EX_r406_glc(e),13.40472954,10.973517775
EX_oh_etr(e),11.900740984999999,11.292286155
EX_galman4(e),16.094596600000003,15.47920585
EX_gmp(e),12.63966445,11.41985638
EX_h2s(e),9.0273052075,12.983692730000001
EX_dcf_glc(e),9.343567109000002,9.835086237999999
EX_sb_611855(e),8.8649915435,12.895793869999999
EX_ile_L(e),7.670048016999999,13.527267385000002
EX_agm(e),11.429098205,10.1370976125
EX_5oh_sulfp(e),9.634386406499999,14.13314143
EX_4oh_vcz(e),12.900675395,11.650126025
EX_estradiol(e),9.0079635675,12.76945891
EX_xyl3(e),11.77677922,11.738184794999999
EX_dnpz_m13(e),12.290292205,11.39085507
EX_xylottr(e),8.1804585815,10.2870172175
EX_gmfl_mI_glc(e),11.644660425000001,10.27212157
EX_ddea_glc(e),10.44786667,8.738149306
EX_2oh_mtz_glc(e),15.094495694999999,17.684948755
EX_glyglu(e),10.103525612999999,17.866585819999997
EX_2oh_cbz_glc(e),12.73007433,14.669169345
EX_inost(e),13.035052195,10.238417979000001
EX_5mta(e),10.723605970000001,9.9425300055
EX_g3pg(e),12.163048544999999,8.0269379025
EX_dgsn(e),15.858702625,11.005124895
EX_sulfac(e),11.83107312,11.33658731
EX_mqn7(e),9.129653714,13.617016079999999
EX_prx_mI_glc(e),14.84687081,13.46754997
EX_lstn1gluc(e),13.544831535,11.846748980000001
EX_minohp(e),7.8465492359999995,7.7888594935
EX_amio_glc(e),13.3172482,14.210336115
EX_mtz_glc(e),10.011928277500001,12.180147035000001
EX_psics_D(e),13.69093316,10.929271865
EX_enlipa(e),10.757899365,15.73093268
EX_1hibup_S(e),8.88244502,11.660180775
EX_34dhphe(e),11.348803195,10.4379649515
EX_sb_y(e),11.019228374499999,15.967093945
EX_xan(e),13.56670559,9.885076538
EX_confrl(e),6.698432099,9.730619433000001
EX_biomass(e),15.1501745,11.322953129999998
EX_lstn(e),10.496825195,12.283347684999999
EX_hdcea(e),9.227529655000001,14.103175440000001
EX_r788(e),6.2257742465,8.318722622
EX_sftz(e),13.244708285,10.788471415
EX_am14(e),12.450920029999999,15.359113709999999
EX_LalaDglu(e),0.5844708545,0.0
EX_bilr_M16(e),14.62830756,10.909201425
EX_g3pi(e),12.07363578,7.9236532165
EX_tlf_a_2a(e),10.805927520000001,8.307619342999999
EX_bilr_M15(e),10.2567977485,13.72333776
EX_hxan(e),9.197223331500002,12.180394565
EX_regfnb_glc(e),10.50691981,16.05164186
EX_propl_glc(e),17.328487340000002,13.919758895000001
EX_doh_vcz_glc(e),14.827572155,14.775545914999999
EX_ala_L(e),13.473694335000001,12.856148205
EX_tyr_L(e),14.56193163,12.086042275
EX_tolcp_ac_glc(e),8.1004366235,11.57592439
EX_murein5p3p(e),0.0,0.0
EX_dcyt(e),8.7589702585,10.4294802
EX_sfnd_1689_glc(e),13.314133949999999,14.094659024999999
EX_kdo2lipid4(e),12.533460735,12.913293235000001
EX_tolcp_glc(e),13.239303835,12.292662154999999
EX_ha(e),16.62252389,12.487823129999999
EX_skm(e),14.361454345,13.308420835
mean_cor_values,0.4685992245,0.5229889225
EX_acysbmn(e),7.302201053499999,4.550443298499999
EX_dextran40(e),7.384042733999999,10.298494847499999
EX_feoxam(e),9.8596396025,0.235946698
EX_3ump(e),9.93305635,10.7662052
EX_3amp(e),9.851360565,10.430562515
EX_uacgam(e),7.614625356,9.080630708000001
EX_3gmp(e),12.96432011,10.5628101675
EX_acmum(e),9.025694782999999,7.495651337
EX_udpglcur(e),7.031524728999999,12.916879965
EX_udpg(e),11.639192525,11.41982494
EX_airs(e),3.4154624365000004,2.596369283
EX_fe3hox_un(e),3.974065084,0.3062632005
EX_ascb_L(e),14.784209624999999,11.994361845
EX_feroxB(e),6.4551720965,2.83744601
EX_tcynt(e),10.270264045000001,3.7178962230000003
EX_ppal(e),7.9292030125,9.2399660275
EX_bmn(e),12.55959688,1.2202911424999998
EX_udpgal(e),8.271846592500001,14.34245063
EX_f6p(e),7.445230604,7.166670775
EX_acgal1p(e),9.096601040500001,9.4617821385
EX_feroxE(e),4.518252099,1.369596267
EX_feroxBfe(e),10.171862187999999,2.5252083665000002
EX_gam6p(e),12.839464115,9.499653720000001
EX_cyan(e),9.207877070999999,13.90995671
EX_udpacgal(e),10.101325704499999,7.2980097950000005
EX_Lkynr[e],3.600744845,5.0487854395
EX_tyrp(e),4.086790683,0.388082572
EX_glcur1p(e),8.9968129225,9.9871809735
EX_3cmp(e),13.473157454999999,14.121229750000001
EX_34dhpac(e),3.7480147004999997,1.6185732355
EX_r5p(e),7.05629719,4.873869979
EX_salchsx(e),11.034183575,7.530716307
EX_thrp(e),5.6625180475,1.6283192510000002
EX_dhna(e),10.4602587125,13.547775415
EX_dump(e),17.074311674999997,10.738436962
EX_3hpp(e),8.7816312385,9.332867904
EX_pser_L(e),8.0688667545,1.8553251469999998
EX_dimp(e),10.51633384,11.271598834999999
EX_ahcys(e),8.2014598745,2.987349128
EX_5mtr(e),6.9866882105000006,5.643310945
EX_feoxam_un(e),3.5178978325,2.4195256570000003
EX_acser(e),10.734168485,11.02783555
EX_feroxEfe(e),2.8724857735000002,0.7181543815
EX_eca4colipa(e),5.788941499,0.17976014399999998
EX_acgam1p(e),2.952293396,8.213768557
EX_salchs2fe(e),4.2126494425,5.819952857999999
EX_fe3hox(e),4.4011683375,1.148212967
EX_coprost(e),0.0,0.0
EX_sTn_antigen(e),0.0,0.0
EX_core8(e),0.0,0.0
EX_glutar(e),14.10507391,10.020972817
EX_core5(e),0.0,0.0
EX_pydx5p(e),0.0,0.0
EX_acgal(e),0.0,0.0
EX_4hba(e),7.439832475999999,7.9768457295
EX_glcman4(e),0.0,0.0
EX_glcman600(e),0.0,0.0
EX_chitin(e),2.4921557434999997,3.709315364
EX_citr_L(e),0.0,0.0
EX_fecrm_un(e),5.660559426000001,7.759003122499999
EX_butam(e),0.0,0.0
EX_core2(e),0.0,0.0
EX_Cit_Mg(e),0.0009053575,0.0
EX_gm1lipb(e),0.0,0.0
EX_glcn_D(e),5.2625764005,5.247569642
EX_norval_L(e),0.0,0.0
EX_hacolipa(e),0.0,0.0
EX_M03134(e),0.0,0.0
EX_araban_L(e),2.5927135125000005,0.0
EX_kdo2lipid4b(e),0.0,0.0
EX_pep(e),0.0,0.0
EX_core7(e),0.0,0.0
EX_pser_D(e),8.386141368,9.903434093000001
EX_glcman6(e),0.0,0.0
EX_core3(e),0.0,0.0
EX_12ppd_R(e),0.0,0.0
EX_dsT_antigen(e),0.0,0.0
EX_Ser_Thr(e),0.0,0.0
EX_chsterol(e),0.4209467855,0.0
EX_galam(e),0.0,0.0
EX_metox_R(e),3.948462999,0.53646179
EX_core6(e),0.0,0.0
EX_5dglcn(e),13.297118484999999,10.109687485
EX_HC02193(e),0.802483383,0.0
EX_core4(e),0.0,0.0
EX_starch1200(e),9.978472290500001,6.385044757999999
EX_f1a(e),0.0,0.0
EX_fe3dcit(e),0.0,0.0
EX_Tn_antigen(e),0.0,0.0
EX_id3acald(e),9.2006411445,8.594024940499999
EX_3httdca(e),0.0,0.0
EX_HC02192(e),1.3413702165,0.0
EX_sT_antigen(e),0.0,0.0
EX_arabinogal(e),0.0,0.0
EX_peamn(e),0.0,0.0
EX_cys_D(e),0.0,0.0
EX_gncore1(e),0.0,0.0
EX_gncore2(e),0.0,0.0
EX_T_antigen(e),0.0,0.0
EX_lipb(e),0.0,0.0
EX_halipa(e),0.0,0.0
EX_23dappa(e),0.0,0.0
EX_HC02191(e),2.8894674005,0.0
EX_isomal(e),0.0,0.0
EX_M01989(e),2.352172684,0.0
EX_fe3dhbzs3(e),0.0,0.0
